scheme_id,scheme_name,ministry,scheme_level,scheme_type,scheme_category,documents_required,application_url,benefit_description,min_age,max_age,income_limit,applicable_states,special_conditions_required,source_url,benefit_type,gender_eligibility,caste_eligibility,disability_required,occupation_eligibility,benefit_amount,tags,education_level_required,urban_rural_eligibility,marital_status_required,employment_type_eligibility,is_bpl_only,application_deadline,processing_time,popularity_score,is_scheme_active,application_process
pm_jeevan_jyoti_bima_v2,Pradhan Mantri Jeevan Jyoti Bima Yojana (PMJJBY),Ministry of Finance,central,central,health,"Aadhaar, Bank Account passbook",https://nationalinsurance.nic.co.in,Ultra-cheap life insurance scheme offering a coverage of ₹2 lakh for death due to any reason at a premium of just ₹436 per annum.,18.0,50.0,,ALL,Auto-debit required.,https://financialservices.gov.in,insurance,,,,,,,,,,,,,,,,
dbtbharat_central_schemes_deen_dayal_disabled_rehabilitation_scheme,Deen Dayal Disabled Rehabilitation Scheme,Department of Empowerment of Persons with Disabilities,central,central,finance,"Aadhaar Card, Identity Proof, Residence Proof",http://www.grants-msje.gov.in/bo-login#,"During this period, the e-Anudaan portal will not be accessible.",,,,ALL,,https://dbtbharat.gov.in/central-scheme/list,loan,,,,,,,,,,,,,,,,
dbtbharat_central_schemes_mission_vatsalya_facilities_to_beneficiaries_sponsorship,Mission Vatsalya - Facilities to Beneficiaries (Sponsorship),Ministry of Women and Child Development,central,central,women,"Aadhaar Card, Identity Proof, Residence Proof",http://wcd-icps.nic.in/,This program is managed by Ministry of Women and Child Development. Please visit the official portal for the latest details.,,,,ALL,,https://dbtbharat.gov.in/central-scheme/list,scheme,,,,,,,,,,,,,,,,
dbtbharat_central_schemes_national_overseas_scholarship_nos,National Overseas Scholarship (NOS),Department of Social Justice and Empowerment,central,central,education,"Aadhaar Card, Marksheet, School ID, Income Certificate",http://nosmsje.gov.in/?AspxAutoDetectCookieSupport=1,This program is managed by Department of Social Justice and Empowerment. Please visit the official portal for the latest details.,,,,ALL,,https://dbtbharat.gov.in/central-scheme/list,scheme,,,,,,,,,,,,,,,,
dbtbharat_central_schemes_ic_international_youth_exchange_programmes,IC-International Youth Exchange Programmes,Department of Youth Affairs,central,central,welfare,"Aadhaar Card, Identity Proof, Residence Proof",https://www.dbtyas-youth.gov.in/scheme/commonform.php,This program is managed by Department of Youth Affairs. Please visit the official portal for the latest details.,,,,ALL,,https://dbtbharat.gov.in/central-scheme/list,scheme,,,,,,,,,,,,,,,,
dbtbharat_central_schemes_pradhan_mantri_matsya_sampada_yojana,Pradhan Mantri Matsya Sampada Yojana,Department of Fisheries,central,central,finance,"Aadhaar Card, Identity Proof, Residence Proof",https://pmmsy.dof.gov.in/,"The Department of Fisheries, Ministry of Fisheries, Animal Husbandry and Dairying, Government of India is implementing Pradhan Mantri Matsya Sampada Yojana â A scheme to bring about Blue Revolution through sustainable and responsible development of fisheries sector in India at an estimated investment of Rs. 20050 crores for holistic development of fisheries sector including welfare of fishers. PMMSY is being implemented in all the States and Union Territories for a period of 5 years from FY 2020-21 to FY 2024-25.",,,,ALL,,https://dbtbharat.gov.in/central-scheme/list,loan,,,,,,,,,,,,,,,,
dbtbharat_central_schemes_employees_pension_scheme_for_epf_members,Employees Pension Scheme for EPF Members,Ministry of Labour and Employment,central,central,insurance,"Aadhaar Card, Identity Proof, Residence Proof",https://unifiedportal-mem.epfindia.gov.in/memberinterface/,This program is managed by Ministry of Labour and Employment. Please visit the official portal for the latest details.,,,,ALL,,https://dbtbharat.gov.in/central-scheme/list,insurance,,,,,,,,,,,,,,,,
dbtbharat_central_schemes_alliance_and_r_and_d_mission_inspire_faculty_award,Alliance and R and D Mission - INSPIRE Faculty Award,Department of Science and Technology,central,central,welfare,"Aadhaar Card, Identity Proof, Residence Proof",https://online-inspire.gov.in/,This program is managed by Department of Science and Technology. Please visit the official portal for the latest details.,,,,ALL,,https://dbtbharat.gov.in/central-scheme/list,scheme,,,,,,,,,,,,,,,,
dbtbharat_central_schemes_as_ivri_institute_scholarship_for_m_v_sc_and_ph_d,AS_IVRI_Institute Scholarship for M.V.Sc. and Ph.D.,Department of Agricultural Research and Education,central,central,education,"Aadhaar Card, Marksheet, School ID, Income Certificate",http://www.ivri.nic.in/,This program is managed by Department of Agricultural Research and Education. Please visit the official portal for the latest details.,,,,ALL,,https://dbtbharat.gov.in/central-scheme/list,scheme,,,,,,,,,,,,,,,,
dbtbharat_central_schemes_saksham_scholarship_for_differently_abled_students_of_degree,Saksham scholarship for differently abled students of Degree Colleges,Department of Higher Education,central,central,education,"Aadhaar Card, Marksheet, School ID, Income Certificate",https://scholarships.gov.in/fresh/newstdRegfrmInstruction,This program is managed by Department of Higher Education. Please visit the official portal for the latest details.,,,,ALL,,https://dbtbharat.gov.in/central-scheme/list,scheme,,,,,,,,,,,,,,,,
dbtbharat_central_schemes_green_india_mission_national_afforestation_programme,Green India Mission National Afforestation Programme,Ministry of Environment Forest and Climate Change,central,central,welfare,"Aadhaar Card, Identity Proof, Residence Proof",http://moef.gov.in/division/forest-divisions-2/green-india-mission-gim/about-the-mission/,This program is managed by Ministry of Environment Forest and Climate Change. Please visit the official portal for the latest details.,,,,ALL,,https://dbtbharat.gov.in/central-scheme/list,scheme,,,,,,,,,,,,,,,,
dbtbharat_central_schemes_pre_matric_scholarship_scheme_for_st_students,Pre-Matric Scholarship Scheme for ST students,Ministry of Tribal Affairs,central,central,education,"Aadhaar Card, Marksheet, School ID, Income Certificate",https://scholarships.gov.in/,"NPCI has launched Bharat Aadhaar Seeding Enabler (BASE) platform to facilitate Aadhaar Seeding and De-seeding
                          activities in self-service mode for Direct Benefit Transfer(DBT)
                          by enabling the citizens to carry out certain activities in digital mode. For more detailsclick here",,,,ALL,,https://dbtbharat.gov.in/central-scheme/list,scheme,,,,,,,,,,,,,,,,
dbtbharat_central_schemes_indira_gandhi_national_widow_pension_scheme_ignwps,Indira Gandhi National Widow Pension Scheme-IGNWPS,Department of Rural Development,central,central,insurance,"Aadhaar Card, Identity Proof, Residence Proof",https://nsap.nic.in/,This program is managed by Department of Rural Development. Please visit the official portal for the latest details.,,,,ALL,,https://dbtbharat.gov.in/central-scheme/list,insurance,,,,,,,,,,,,,,,,
dbtbharat_central_schemes_vikram_sarabhai_space_centre_scholarships_and_stipends,Vikram Sarabhai Space Centre - Scholarships and Stipends,Department of Space,central,central,education,"Aadhaar Card, Marksheet, School ID, Income Certificate",https://portal.mhrdnats.gov.in/,This program is managed by Department of Space. Please visit the official portal for the latest details.,,,,ALL,,https://dbtbharat.gov.in/central-scheme/list,scheme,,,,,,,,,,,,,,,,
dbtbharat_central_schemes_post_matric_scholarship_for_minorities,Post-Matric Scholarship for Minorities,Ministry of Minority Affairs,central,central,education,"Aadhaar Card, Marksheet, School ID, Income Certificate",https://scholarships.gov.in/fresh/newstdRegfrmInstruction,This program is managed by Ministry of Minority Affairs. Please visit the official portal for the latest details.,,,,ALL,,https://dbtbharat.gov.in/central-scheme/list,scheme,,,,,,,,,,,,,,,,
dbtbharat_central_schemes_post_matric_scholarship_scheme_for_st_students,Post-Matric Scholarship Scheme for ST students,Ministry of Tribal Affairs,central,central,education,"Aadhaar Card, Marksheet, School ID, Income Certificate",https://scholarships.gov.in/,"NPCI has launched Bharat Aadhaar Seeding Enabler (BASE) platform to facilitate Aadhaar Seeding and De-seeding
                          activities in self-service mode for Direct Benefit Transfer(DBT)
                          by enabling the citizens to carry out certain activities in digital mode. For more detailsclick here",,,,ALL,,https://dbtbharat.gov.in/central-scheme/list,scheme,,,,,,,,,,,,,,,,
dbtbharat_central_schemes_mission_organic_value_chain_development_for_north_east_regio,Mission Organic Value Chain Development for North East Region,Department of Agriculture and Farmers Welfare,central,central,agriculture,"Aadhaar Card, Identity Proof, Residence Proof",https://dbtbharat.gov.in/central-scheme/list,This program is managed by Department of Agriculture and Farmers Welfare. Please visit the official portal for the latest details.,,,,ALL,,https://dbtbharat.gov.in/central-scheme/list,scheme,,,,,,,,,,,,,,,,
js_mudra_all,Pradhan Mantri Mudra Yojana (PMMY) - Up to 10 Lakhs,Ministry of Finance,central,central,business,"Aadhaar Card, PAN Card, Business Plan, Bank Statement",https://www.jansamarth.in,"Easy collateral-free loans up to Rs. 10 Lakhs (Shishu, Kishor, Tarun) to quickly kickstart or expand highly profitable micro-enterprises.",18.0,65.0,,ALL,Must not be a defaulter of any bank.,https://www.jansamarth.in,loan,,,,,,,,,,,,,,,,
pmay_home_loan,Pradhan Mantri Awas Yojana (PMAY) - Home Loan Subsidy,Ministry of Housing and Urban Affairs,central,central,housing,"Aadhaar, PAN, Income Proof, Property Documents",https://pmay-urban.gov.in/pma-online-application,Interest subsidy up to ₹2.67 Lakhs on home loans for purchasing or constructing your first house.,18.0,70.0,1800000.0,ALL,Applicant must not own a pucca house in India.,https://pmay-urban.gov.in/,loan,,,,,,,,,,,,,,,,
dbtbharat_central_schemes_pm_yasasvi_post_matric_scholarship_to_obc_ebc_and_dnt,"PM YASASVI - Post-Matric Scholarship to OBC, EBC and DNT",Department of Social Justice and Empowerment,central,central,education,"Aadhaar Card, Marksheet, School ID, Income Certificate","http://socialjustice.nic.in/SchemeList/Send/4?mid=32549#:~:text=The%20objective%20of%20the%20scheme,",This program is managed by Department of Social Justice and Empowerment. Please visit the official portal for the latest details.,,,,ALL,,https://dbtbharat.gov.in/central-scheme/list,scheme,,,,,,,,,,,,,,,,
dbtbharat_central_schemes_national_means_cum_merit_scholarship_scheme,National Means-cum-Merit Scholarship Scheme,Department of School Education and Literacy,central,central,education,"Aadhaar Card, Marksheet, School ID, Income Certificate",https://scholarships.gov.in/fresh/newstdRegfrmInstruction,This program is managed by Department of School Education and Literacy. Please visit the official portal for the latest details.,,,,ALL,,https://dbtbharat.gov.in/central-scheme/list,scheme,,,,,,,,,,,,,,,,
dbtbharat_central_schemes_national_s_and_t_human_resource_development,National S and T Human Resource Development,Department of Scientific and Industrial Research,central,central,welfare,"Aadhaar Card, Identity Proof, Residence Proof",https://newfms.ncl.res.in/,Help Desk Contact Details (weekdays 10:00-17:00 hrs.):011-25841592 / 011-25842532 / 011-25846077   Email-helpdeskemr@csirhrdg.res.in,,,,ALL,,https://dbtbharat.gov.in/central-scheme/list,scheme,,,,,,,,,,,,,,,,
dbtbharat_central_schemes_pradhan_mantri_anusuchit_jati_abhyuday_yojana,Pradhan Mantri Anusuchit Jati Abhyuday Yojana,Department of Social Justice and Empowerment,central,central,housing,"Aadhaar Card, Identity Proof, Residence Proof",https://pmajay.dosje.gov.in/,Home Pradhan Mantri Anusuchit Jaati Abhyuday Yojana,,,,ALL,,https://dbtbharat.gov.in/central-scheme/list,scheme,,,,,,,,,,,,,,,,
dbtbharat_central_schemes_pre_matric_scholarship_for_persons_with_disabilities,Pre-matric scholarship for Persons with disabilities,Department of Empowerment of Persons with Disabilities,central,central,education,"Aadhaar Card, Marksheet, School ID, Income Certificate",https://scholarships.gov.in/,"NPCI has launched Bharat Aadhaar Seeding Enabler (BASE) platform to facilitate Aadhaar Seeding and De-seeding
                          activities in self-service mode for Direct Benefit Transfer(DBT)
                          by enabling the citizens to carry out certain activities in digital mode. For more detailsclick here",,,,ALL,,https://dbtbharat.gov.in/central-scheme/list,scheme,,,,,,,,,,,,,,,,
dbtbharat_central_schemes_p_g_indira_gandhi_scholarship_for_single_girl_child,P.G. Indira Gandhi Scholarship For Single Girl Child,Department of Higher Education,central,central,education,"Aadhaar Card, Marksheet, School ID, Income Certificate",https://scholarships.gov.in/fresh/newstdRegfrmInstruction,This program is managed by Department of Higher Education. Please visit the official portal for the latest details.,,,,ALL,,https://dbtbharat.gov.in/central-scheme/list,scheme,,,,,,,,,,,,,,,,
dbtbharat_central_schemes_swachh_bharat_mission_urban,Swachh Bharat Mission Urban,Ministry of Housing and Urban Affairs,central,central,housing,"Aadhaar Card, Identity Proof, Residence Proof",http://swachhbharaturban.gov.in/ihhl/InvestorRegistration.aspx,This program is managed by Ministry of Housing and Urban Affairs. Please visit the official portal for the latest details.,,,,ALL,,https://dbtbharat.gov.in/central-scheme/list,scheme,,,,,,,,,,,,,,,,
dbtbharat_central_schemes_iasri_scholarship_for_msc_and_phd,IASRI Scholarship for MSc and PhD,Department of Agricultural Research and Education,central,central,education,"Aadhaar Card, Marksheet, School ID, Income Certificate",https://iasri.icar.gov.in,This program is managed by Department of Agricultural Research and Education. Please visit the official portal for the latest details.,,,,ALL,,https://dbtbharat.gov.in/central-scheme/list,scheme,,,,,,,,,,,,,,,,
dbtbharat_central_schemes_agedn_national_talent_scholarship_pg,AgEdn - National Talent Scholarship PG,Department of Agricultural Research and Education,central,central,education,"Aadhaar Card, Marksheet, School ID, Income Certificate",https://education.icar.gov.in/Event_details.aspx?component=NTS&DegProg=UG&SchemeCode=NTSU,This program is managed by Department of Agricultural Research and Education. Please visit the official portal for the latest details.,,,,ALL,,https://dbtbharat.gov.in/central-scheme/list,scheme,,,,,,,,,,,,,,,,
dbtbharat_central_schemes_pm_street_vendor_atmanirbhar_nidhi_pm_svanidhi,PM STREET VENDOR ATMANIRBHAR NIDHI (PM SVANidhi),Ministry of Housing and Urban Affairs,central,central,housing,"Aadhaar Card, Identity Proof, Residence Proof",https://www.pmsvanidhi.mohua.gov.in/,This program is managed by Ministry of Housing and Urban Affairs. Please visit the official portal for the latest details.,,,,ALL,,https://dbtbharat.gov.in/central-scheme/list,scheme,,,,,,,,,,,,,,,,
dbtbharat_central_schemes_p_g_scholarship_for_university_rank_holders,P.G. Scholarship for University Rank Holders,Department of Higher Education,central,central,education,"Aadhaar Card, Marksheet, School ID, Income Certificate",https://scholarships.gov.in/fresh/newstdRegfrmInstruction,This program is managed by Department of Higher Education. Please visit the official portal for the latest details.,,,,ALL,,https://dbtbharat.gov.in/central-scheme/list,scheme,,,,,,,,,,,,,,,,
dbtbharat_central_schemes_pradhan_mantri_vaya_vandana_yojana,Pradhan Mantri Vaya Vandana Yojana,Department of Financial Services,central,central,welfare,"Aadhaar Card, Identity Proof, Residence Proof",https://onlinesales.licindia.in/eSales/liconline,This program is managed by Department of Financial Services. Please visit the official portal for the latest details.,,,,ALL,,https://dbtbharat.gov.in/central-scheme/list,scheme,,,,,,,,,,,,,,,,
dbtbharat_central_schemes_space_applications_centre_scholarships_and_stipends,Space Applications Centre - Scholarships and Stipends,Department of Space,central,central,education,"Aadhaar Card, Marksheet, School ID, Income Certificate",https://scholarships.gov.in/,"NPCI has launched Bharat Aadhaar Seeding Enabler (BASE) platform to facilitate Aadhaar Seeding and De-seeding
                          activities in self-service mode for Direct Benefit Transfer(DBT)
                          by enabling the citizens to carry out certain activities in digital mode. For more detailsclick here",,,,ALL,,https://dbtbharat.gov.in/central-scheme/list,scheme,,,,,,,,,,,,,,,,
dbtbharat_central_schemes_national_food_security_mission_nfsm,National Food Security Mission - NFSM,Department of Agriculture and Farmers Welfare,central,central,welfare,"Aadhaar Card, Identity Proof, Residence Proof",https://nfsm.gov.in/,"The National Development Council (NDC) in its 53rd meeting held on 29th May 2007 adopted a resolution to launch a Food Security Mission comprising Rice, Wheat and Pulses to increase the annual production of Rice by 10 Million Tonnes, Wheat by 8 Million Tonnes and Pulses by 2 Million Tonnes by the end of the Eleventh Plan (2011-12). Accordingly, a Centrally Sponsored Scheme, “National Food Security Mission (NFSM)”, was launched in October-2007. The mission was met with overwhelming success, and the targeted additional production of Rice, Wheat and Pulses was achieved. Based on the experience and performance, the mission was continued and Coarse Cereals (Maize, Barley & Millets) & Commercial Crops (Cotton, Sugarcane & Jute) were included from 2014-15 under NFSM. From 2018-19, NFSM-Coarse Cereals were divided into two parts i.e. “NFSM-Coarse Cereals (Maize & Barley)” and “Sub-Mission on Nutri-Cereals”.",,,,ALL,,https://dbtbharat.gov.in/central-scheme/list,scheme,,,,,,,,,,,,,,,,
dbtbharat_central_schemes_deen_dayal_upadhyay_grameen_kaushalya_yojna,Deen Dayal Upadhyay Grameen Kaushalya Yojna,Department of Rural Development,central,central,welfare,"Aadhaar Card, Identity Proof, Residence Proof",https://kaushal.rural.gov.in,This program is managed by Department of Rural Development. Please visit the official portal for the latest details.,,,,ALL,,https://dbtbharat.gov.in/central-scheme/list,scheme,,,,,,,,,,,,,,,,
dbtbharat_central_schemes_pm_daksh_scheme,PM DAKSH Scheme,Department of Social Justice and Empowerment,central,central,welfare,"Aadhaar Card, Identity Proof, Residence Proof",https://pmdaksh.dosje.gov.in/,This program is managed by Department of Social Justice and Empowerment. Please visit the official portal for the latest details.,,,,ALL,,https://dbtbharat.gov.in/central-scheme/list,scheme,,,,,,,,,,,,,,,,
dbtbharat_central_schemes_special_cash_awards_to_medal_winners_in_international_sports,Special cash awards to medal winners in international sports events,Department of Sports,central,central,disability,"Aadhaar Card, Identity Proof, Residence Proof",https://dbtyas-sports.gov.in/Registration,"Copyright © 2024 Ministry Of Youth Affairs And Sports, Govt. of India",,,,ALL,,https://dbtbharat.gov.in/central-scheme/list,scheme,,,,,,,,,,,,,,,,
dbtbharat_central_schemes_prime_minister_scholarship_scheme,Prime Minister scholarship scheme,Department of Internal Security,central,central,education,"Aadhaar Card, Marksheet, School ID, Income Certificate",https://scholarships.gov.in/fresh/newstdRegfrmInstruction,This program is managed by Department of Internal Security. Please visit the official portal for the latest details.,,,,ALL,,https://dbtbharat.gov.in/central-scheme/list,scheme,,,,,,,,,,,,,,,,
dbtbharat_central_schemes_prime_ministers_scholarship_scheme_pmss,Prime Ministers Scholarship Scheme PMSS,Department of Ex Servicemen Welfare,central,central,education,"Aadhaar Card, Marksheet, School ID, Income Certificate",http://164.100.158.73/registration.htm,This program is managed by Department of Ex Servicemen Welfare. Please visit the official portal for the latest details.,,,,ALL,,https://dbtbharat.gov.in/central-scheme/list,scheme,,,,,,,,,,,,,,,,
dbtbharat_central_schemes_sub_mission_on_agriculture_mechanization_centrally_sponsored,Sub Mission on Agriculture Mechanization-Centrally Sponsored,Department of Agriculture and Farmers Welfare,central,central,agriculture,"Aadhaar Card, Identity Proof, Residence Proof",https://agrimachinery.nic.in/Farmer/Management/Index,DIRECT BENEFIT TRANSFER (DBT),,,,ALL,,https://dbtbharat.gov.in/central-scheme/list,scheme,,,,,,,,,,,,,,,,
dbtbharat_central_schemes_national_scholarship_for_post_graduate_studies,National Scholarship for Post-Graduate Studies,Department of Higher Education,central,central,education,"Aadhaar Card, Marksheet, School ID, Income Certificate",https://scholarships.gov.in,"NPCI has launched Bharat Aadhaar Seeding Enabler (BASE) platform to facilitate Aadhaar Seeding and De-seeding
                          activities in self-service mode for Direct Benefit Transfer(DBT)
                          by enabling the citizens to carry out certain activities in digital mode. For more detailsclick here",,,,ALL,,https://dbtbharat.gov.in/central-scheme/list,scheme,,,,,,,,,,,,,,,,
dbtbharat_central_schemes_atal_pension_yojana,Atal Pension Yojana,Department of Financial Services,central,central,insurance,"Aadhaar Card, Identity Proof, Residence Proof",https://www.npscra.nsdl.co.in/scheme-details.php,This program is managed by Department of Financial Services. Please visit the official portal for the latest details.,,,,ALL,,https://dbtbharat.gov.in/central-scheme/list,insurance,,,,,,,,,,,,,,,,
dbtbharat_central_schemes_national_remote_sensing_centre_scholarships_and_stipends,National Remote Sensing Centre - Scholarships and Stipends,Department of Space,central,central,education,"Aadhaar Card, Marksheet, School ID, Income Certificate",https://portal.mhrdnats.gov.in/,This program is managed by Department of Space. Please visit the official portal for the latest details.,,,,ALL,,https://dbtbharat.gov.in/central-scheme/list,scheme,,,,,,,,,,,,,,,,
dbtbharat_central_schemes_pm_vishwakarma,PM Vishwakarma,Ministry of Micro Small and Medium Enterprises,central,central,finance,"Aadhaar Card, Identity Proof, Residence Proof",https://pmvishwakarma.gov.in,"“Traditionally, crores of 'Vishwakarmas' who create something or the other by working hard with their hands, tools and equipment are the builders of this country. We have a huge list of countless people like the blacksmiths, goldsmiths, potters, carpenters, sculptors, artisans, masons etc. The country has brought various incentive schemes for the first time to support the hard work of all these Vishwakarmas. Provisions have been made for training, technology, credit and market support for such people. PM Vishwakarma Kaushal Samman i.e., PM Vishwakarma will bring a sea change in the lives of crores of Vishwakarmas”-Hon’ble Prime Minister, 1stFebruary, 2023",,,,ALL,,https://dbtbharat.gov.in/central-scheme/list,loan,,,,,,,,,,,,,,,,
dbtbharat_central_schemes_mission_vatsalya_salary_of_staff,Mission Vatsalya-Salary of staff,Ministry of Women and Child Development,central,central,women,"Aadhaar Card, Identity Proof, Residence Proof",http://wcd-icps.nic.in/,This program is managed by Ministry of Women and Child Development. Please visit the official portal for the latest details.,,,,ALL,,https://dbtbharat.gov.in/central-scheme/list,scheme,,,,,,,,,,,,,,,,
dbtbharat_central_schemes_pradhan_mantri_awas_yojna_grameen,Pradhan Mantri Awas Yojna Grameen,Department of Rural Development,central,central,housing,"Aadhaar Card, Identity Proof, Residence Proof",https://pmayg.nic.in/netiay/home.aspx,This program is managed by Department of Rural Development. Please visit the official portal for the latest details.,,,,ALL,,https://dbtbharat.gov.in/central-scheme/list,scheme,,,,,,,,,,,,,,,,
dbtbharat_central_schemes_alliance_and_r_and_d_mission_inspire_award,Alliance and R and D Mission - INSPIRE Award,Department of Science and Technology,central,central,education,"Aadhaar Card, Identity Proof, Residence Proof",http://www.inspireawards-dst.gov.in/,"INSPIRE Awards-MANAK, Innovation in Science Pursuit for Inspired Research (INSPIRE) scheme is one of the flagship programmes of Department of Science & Technology (DST), Government of India. The INSPIRE Awards - MANAK (Million Minds Augmenting National Aspirations and Knowledge), being executed by DST with National Innovation Foundation – India (NIF), an autonomous body of DST, aims to motivate students in the age group of 10-17 years and studying in classes 6 to 12.",,,,ALL,,https://dbtbharat.gov.in/central-scheme/list,scheme,,,,,,,,,,,,,,,,
dbtbharat_central_schemes_post_matric_scholarship_for_persons_with_disabilities,Post-matric Scholarship for Persons with Disabilities,Department of Empowerment of Persons with Disabilities,central,central,education,"Aadhaar Card, Marksheet, School ID, Income Certificate",https://scholarships.gov.in/,"NPCI has launched Bharat Aadhaar Seeding Enabler (BASE) platform to facilitate Aadhaar Seeding and De-seeding
                          activities in self-service mode for Direct Benefit Transfer(DBT)
                          by enabling the citizens to carry out certain activities in digital mode. For more detailsclick here",,,,ALL,,https://dbtbharat.gov.in/central-scheme/list,scheme,,,,,,,,,,,,,,,,
dbtbharat_central_schemes_pradhan_mantri_shram_yogi_maan_dhan_pm_sym,Pradhan Mantri Shram Yogi Maan-dhan (PM-SYM),Ministry of Labour and Employment,central,central,employment,"Aadhaar Card, Identity Proof, Residence Proof",https://maandhan.in/maandhan/login,This program is managed by Ministry of Labour and Employment. Please visit the official portal for the latest details.,,,,ALL,,https://dbtbharat.gov.in/central-scheme/list,scheme,,,,,,,,,,,,,,,,
dbtbharat_central_schemes_ayushman_bharat_pradhan_mantri_jan_arogya_yojana_ab_pmjay,Ayushman Bharat - Pradhan Mantri Jan Arogya Yojana (AB-PMJAY),Department of Health and Family Welfare,central,central,insurance,"Aadhaar Card, Identity Proof, Residence Proof",https://www.pmjay.gov.in/,Get your PM-JAY card registered online to get a universal health insurance scheme from NHA. Visit Ayushman Bharat website for an empanelled hospital list and toll-free number.,,,,ALL,,https://dbtbharat.gov.in/central-scheme/list,insurance,,,,,,,,,,,,,,,,
dbtbharat_central_schemes_rgniyd_scholarships_to_students,RGNIYD-Scholarships to Students,Department of Youth Affairs,central,central,education,"Aadhaar Card, Marksheet, School ID, Income Certificate",https://www.dbtyas-youth.gov.in/scheme/commonform.php,This program is managed by Department of Youth Affairs. Please visit the official portal for the latest details.,,,,ALL,,https://dbtbharat.gov.in/central-scheme/list,scheme,,,,,,,,,,,,,,,,
dbtbharat_central_schemes_varishtha_pension_bima_yojana,Varishtha Pension Bima Yojana,Department of Financial Services,central,central,insurance,"Aadhaar Card, Identity Proof, Residence Proof",https://www.licindia.in/Products/Withdrawn-Plans/VARISHTHA-PENSION-BIMA-YOJANA-(UIN-512G291V01),This program is managed by Department of Financial Services. Please visit the official portal for the latest details.,,,,ALL,,https://dbtbharat.gov.in/central-scheme/list,insurance,,,,,,,,,,,,,,,,
dbtbharat_central_schemes_family_pension_cum_life_assurance_and_deposit_linked_insuran,Family Pension-cum-Life Assurance and Deposit Linked Insurance Schemes for the Plantation Workers in Assam,Ministry of Labour and Employment,central,central,insurance,"Aadhaar Card, Identity Proof, Residence Proof",https://atepfo.in/,This program is managed by Ministry of Labour and Employment. Please visit the official portal for the latest details.,,,,ALL,,https://dbtbharat.gov.in/central-scheme/list,insurance,,,,,,,,,,,,,,,,
dbtbharat_central_schemes_national_family_benefit_scheme,National Family Benefit Scheme,Department of Rural Development,central,central,welfare,"Aadhaar Card, Identity Proof, Residence Proof",https://nsap.nic.in/,This program is managed by Department of Rural Development. Please visit the official portal for the latest details.,,,,ALL,,https://dbtbharat.gov.in/central-scheme/list,scheme,,,,,,,,,,,,,,,,
dbtbharat_central_schemes_agedn_national_talent_scholarship_ug,AgEdn - National Talent Scholarship UG,Department of Agricultural Research and Education,central,central,education,"Aadhaar Card, Marksheet, School ID, Income Certificate",https://education.icar.gov.in/Event_details.aspx?component=NTS&DegProg=UG&SchemeCode=NTSU,This program is managed by Department of Agricultural Research and Education. Please visit the official portal for the latest details.,,,,ALL,,https://dbtbharat.gov.in/central-scheme/list,scheme,,,,,,,,,,,,,,,,
dbtbharat_central_schemes_pradhan_mantri_fasal_bima_yojna,Pradhan Mantri Fasal Bima Yojna,Department of Agriculture and Farmers Welfare,central,central,insurance,"Aadhaar Card, Identity Proof, Residence Proof",https://pmfby.gov.in/farmerRegistrationForm,Pradhan Mantri Fasal Bima Yojana (PMFBY) is the government sponsored crop insurance scheme that integrates multiple stakeholders on a single platform.,,,,ALL,,https://dbtbharat.gov.in/central-scheme/list,insurance,,,,,,,,,,,,,,,,
dbtbharat_central_schemes_satish_dhawan_space_centre_shar_scholarships_and_stipends,Satish Dhawan Space Centre-SHAR - Scholarships and Stipends,Department of Space,central,central,education,"Aadhaar Card, Marksheet, School ID, Income Certificate",https://portal.mhrdnats.gov.in/,This program is managed by Department of Space. Please visit the official portal for the latest details.,,,,ALL,,https://dbtbharat.gov.in/central-scheme/list,scheme,,,,,,,,,,,,,,,,
dbtbharat_central_schemes_national_sports_development_fund,National sports development fund,Department of Sports,central,central,welfare,"Aadhaar Card, Identity Proof, Residence Proof",https://dbtyas-sports.gov.in/Registration,"Copyright © 2024 Ministry Of Youth Affairs And Sports, Govt. of India",,,,ALL,,https://dbtbharat.gov.in/central-scheme/list,scheme,,,,,,,,,,,,,,,,
dbtbharat_central_schemes_ur_rao_satellite_centre_scholarships_and_stipends,UR Rao Satellite Centre-Scholarships and Stipends,Department of Space,central,central,education,"Aadhaar Card, Marksheet, School ID, Income Certificate",https://scholarships.gov.in/,"NPCI has launched Bharat Aadhaar Seeding Enabler (BASE) platform to facilitate Aadhaar Seeding and De-seeding
                          activities in self-service mode for Direct Benefit Transfer(DBT)
                          by enabling the citizens to carry out certain activities in digital mode. For more detailsclick here",,,,ALL,,https://dbtbharat.gov.in/central-scheme/list,scheme,,,,,,,,,,,,,,,,
dbtbharat_central_schemes_pm_yasasvi_pre_matric_scholarship_to_obc_ebc_and_dnt,"PM YASASVI - Pre-Matric Scholarship to OBC, EBC and DNT",Department of Social Justice and Empowerment,central,central,education,"Aadhaar Card, Marksheet, School ID, Income Certificate",http://socialjustice.nic.in/SchemeList/Send/2?mid=32549#:~:text=Pre%2DMatric%20Scholarship%20to%20OB,This program is managed by Department of Social Justice and Empowerment. Please visit the official portal for the latest details.,,,,ALL,,https://dbtbharat.gov.in/central-scheme/list,scheme,,,,,,,,,,,,,,,,
dbtbharat_central_schemes_iccr_scholarship,ICCR Scholarship,Ministry of External Affairs,central,central,education,"Aadhaar Card, Marksheet, School ID, Income Certificate",http://a2ascholarships.iccr.gov.in/,"The Indian Council for Cultural Relations (ICCR) was founded in 1950 by Maulana Abul Kalam Azad, independent India’s first Education Minister. Its objectives are to actively participate in the formulation and implementation of policies and programs pertaining to India’s external cultural relations",,,,ALL,,https://dbtbharat.gov.in/central-scheme/list,scheme,,,,,,,,,,,,,,,,
dbtbharat_central_schemes_promotion_of_international_co_operation_in_ayush,Promotion of International Co-operation in AYUSH,Ministry of AYUSH,central,central,health,"Aadhaar Card, Identity Proof, Residence Proof",https://dbtbharat.gov.in/central-scheme/list,This program is managed by Ministry of AYUSH. Please visit the official portal for the latest details.,,,,ALL,,https://dbtbharat.gov.in/central-scheme/list,scheme,,,,,,,,,,,,,,,,
dbtbharat_central_schemes_swatantrata_sainik_samman_pension_scheme,Swatantrata sainik samman pension scheme,Department of Home,central,central,insurance,"Aadhaar Card, Identity Proof, Residence Proof",https://www.mha.gov.in/division_of_mha/freedom-fighters-rehabilitation-division,This program is managed by Department of Home. Please visit the official portal for the latest details.,,,,ALL,,https://dbtbharat.gov.in/central-scheme/list,insurance,,,,,,,,,,,,,,,,
dbtbharat_central_schemes_mission_vatsalya_facilities_to_beneficiaries,Mission Vatsalya- Facilities to Beneficiaries,Ministry of Women and Child Development,central,central,women,"Aadhaar Card, Identity Proof, Residence Proof",http://wcd-icps.nic.in/,This program is managed by Ministry of Women and Child Development. Please visit the official portal for the latest details.,,,,ALL,,https://dbtbharat.gov.in/central-scheme/list,scheme,,,,,,,,,,,,,,,,
dbtbharat_central_schemes_national_overseas_scholarship_for_students_with_disabilities,National Overseas Scholarship for students with disabilities,Department of Empowerment of Persons with Disabilities,central,central,education,"Aadhaar Card, Marksheet, School ID, Income Certificate",https://disabilityaffairs.gov.in/content/page/scholarship.php,Department of Empowerment of Persons with Disabilities,,,,ALL,,https://dbtbharat.gov.in/central-scheme/list,scheme,,,,,,,,,,,,,,,,
dbtbharat_central_schemes_janani_suraksha_yojana,Janani suraksha yojana,Department of Health and Family Welfare,central,central,insurance,"Aadhaar Card, Identity Proof, Residence Proof",https://rch.nhm.gov.in/citizen/register.aspx,This program is managed by Department of Health and Family Welfare. Please visit the official portal for the latest details.,,,,ALL,,https://dbtbharat.gov.in/central-scheme/list,insurance,,,,,,,,,,,,,,,,
dbtbharat_central_schemes_pradhan_mantri_uchchatar_shiksha_protsahan_pm_usp_special_sc,Pradhan Mantri Uchchatar Shiksha Protsahan (PM -USP) Special Scholarship Scheme for Jammu & Kashmir and Ladakh,Department of Higher Education,central,central,finance,"Aadhaar Card, Marksheet, School ID, Income Certificate",https://www.aicte-jk-scholarship-gov.in/,"Students who are already availing benefit of any other scholarship scheme including the ones on-boarded National Scholarship Portal are not eligible under Special Scholarship Scheme for the UTs of J&K and Ladakh. For students found applying for or availing any other scholarship during the entire period of SSSJK&L, AICTE shall be free to forfeit their scholarship, admission and take any other administrative and legal action as deemed fit.",,,,ALL,,https://dbtbharat.gov.in/central-scheme/list,loan,,,,,,,,,,,,,,,,
nps_india,National Pension System (NPS),PFRDA / Ministry of Finance,central,central,pension,"Aadhaar, PAN, Bank Details",https://enps.nsdl.com/,Market-linked retirement savings scheme offering huge tax savings (up to ₹2L) and substantial wealth corpus on retirement.,18.0,70.0,,ALL,,https://enps.nsdl.com/,investment,,,,,,,,,,,,,,,,
dbtbharat_central_schemes_national_action_plan_for_skill_development_for_persons_with_,National Action Plan for skill development for persons with disabilities,Department of Empowerment of Persons with Disabilities,central,central,employment,"Aadhaar Card, Identity Proof, Residence Proof",http://disabilityaffairs.gov.in/content/page/skill-development-of-pwd.php,Department of Empowerment of Persons with Disabilities,,,,ALL,,https://dbtbharat.gov.in/central-scheme/list,scheme,,,,,,,,,,,,,,,,
dbtbharat_central_schemes_master_control_facility_scholarships_and_stipends,Master Control Facility - Scholarships and Stipends,Department of Space,central,central,education,"Aadhaar Card, Marksheet, School ID, Income Certificate",https://portal.mhrdnats.gov.in/,This program is managed by Department of Space. Please visit the official portal for the latest details.,,,,ALL,,https://dbtbharat.gov.in/central-scheme/list,scheme,,,,,,,,,,,,,,,,
dbtbharat_central_schemes_indira_gandhi_national_disability_pension_scheme_igndps,Indira Gandhi National Disability Pension Scheme-IGNDPS,Department of Rural Development,central,central,insurance,"Aadhaar Card, Identity Proof, Residence Proof",https://nsap.nic.in/,This program is managed by Department of Rural Development. Please visit the official portal for the latest details.,,,,ALL,,https://dbtbharat.gov.in/central-scheme/list,insurance,,,,,,,,,,,,,,,,
dbtbharat_central_schemes_agedn_merit_cum_means_scholarship,AgEdn - Merit Cum Means scholarship,Department of Agricultural Research and Education,central,central,education,"Aadhaar Card, Marksheet, School ID, Income Certificate",https://scholarships.gov.in/,"NPCI has launched Bharat Aadhaar Seeding Enabler (BASE) platform to facilitate Aadhaar Seeding and De-seeding
                          activities in self-service mode for Direct Benefit Transfer(DBT)
                          by enabling the citizens to carry out certain activities in digital mode. For more detailsclick here",,,,ALL,,https://dbtbharat.gov.in/central-scheme/list,scheme,,,,,,,,,,,,,,,,
dbtbharat_central_schemes_national_awards,National Awards,Ministry of Micro Small and Medium Enterprises,central,central,welfare,"Aadhaar Card, Identity Proof, Residence Proof",https://msmedi.dcmsme.gov.in/na/Ent_NA_Admin/Ent_NA_Ent.aspx,This program is managed by Ministry of Micro Small and Medium Enterprises. Please visit the official portal for the latest details.,,,,ALL,,https://dbtbharat.gov.in/central-scheme/list,scheme,,,,,,,,,,,,,,,,
dbtbharat_central_schemes_scholarship_scheme_of_satyajit_ray_film_and_television_insti,Scholarship Scheme Of Satyajit Ray Film And Television Institute Kolkata,Ministry of Information and Broadcasting,central,central,education,"Aadhaar Card, Marksheet, School ID, Income Certificate",http://srfti.ac.in/?page_id=20,This program is managed by Ministry of Information and Broadcasting. Please visit the official portal for the latest details.,,,,ALL,,https://dbtbharat.gov.in/central-scheme/list,scheme,,,,,,,,,,,,,,,,
dbtbharat_central_schemes_mission_for_integrated_development_of_horticulture,Mission for Integrated Development of Horticulture,Department of Agriculture and Farmers Welfare,central,central,welfare,"Aadhaar Card, Identity Proof, Residence Proof",https://midh.gov.in/,"This application requires JavaScript to run properly.
        Your browser appears to have JavaScript turned off or does not support it.",,,,ALL,,https://dbtbharat.gov.in/central-scheme/list,scheme,,,,,,,,,,,,,,,,
dbtbharat_central_schemes_janani_shishu_suraksha_karyakram,Janani Shishu Suraksha Karyakram,Department of Health and Family Welfare,central,central,insurance,"Aadhaar Card, Identity Proof, Residence Proof",https://www.nhp.gov.in/janani-shishu-suraksha-karyakaram-jssk_pg,This program is managed by Department of Health and Family Welfare. Please visit the official portal for the latest details.,,,,ALL,,https://dbtbharat.gov.in/central-scheme/list,insurance,,,,,,,,,,,,,,,,
dbtbharat_central_schemes_ishan_uday_special_scholarship_scheme_for_north_eastern_regi,Ishan Uday Special Scholarship Scheme for North Eastern Region,Department of Higher Education,central,central,education,"Aadhaar Card, Marksheet, School ID, Income Certificate",https://scholarships.gov.in/fresh/newstdRegfrmInstruction,This program is managed by Department of Higher Education. Please visit the official portal for the latest details.,,,,ALL,,https://dbtbharat.gov.in/central-scheme/list,scheme,,,,,,,,,,,,,,,,
dbtbharat_central_schemes_begum_hazrat_mahal_national_scholarship_scheme,Begum Hazrat Mahal National Scholarship Scheme,Ministry of Minority Affairs,central,central,education,"Aadhaar Card, Marksheet, School ID, Income Certificate",https://scholarships.gov.in/,"NPCI has launched Bharat Aadhaar Seeding Enabler (BASE) platform to facilitate Aadhaar Seeding and De-seeding
                          activities in self-service mode for Direct Benefit Transfer(DBT)
                          by enabling the citizens to carry out certain activities in digital mode. For more detailsclick here",,,,ALL,,https://dbtbharat.gov.in/central-scheme/list,scheme,,,,,,,,,,,,,,,,
dbtbharat_central_schemes_isro_telemetry_tracking_and_command_network_scholarships_and,"ISRO Telemetry, Tracking and Command Network - Scholarships and Stipends",Department of Space,central,central,education,"Aadhaar Card, Marksheet, School ID, Income Certificate",https://portal.mhrdnats.gov.in/,This program is managed by Department of Space. Please visit the official portal for the latest details.,,,,ALL,,https://dbtbharat.gov.in/central-scheme/list,scheme,,,,,,,,,,,,,,,,
dbtbharat_central_schemes_aicte_swanath_scholarship_scheme_diploma,AICTE - Swanath Scholarship Scheme - Diploma,Department of Higher Education,central,central,education,"Aadhaar Card, Marksheet, School ID, Income Certificate",https://scholarships.gov.in/,"NPCI has launched Bharat Aadhaar Seeding Enabler (BASE) platform to facilitate Aadhaar Seeding and De-seeding
                          activities in self-service mode for Direct Benefit Transfer(DBT)
                          by enabling the citizens to carry out certain activities in digital mode. For more detailsclick here",,,,ALL,,https://dbtbharat.gov.in/central-scheme/list,scheme,,,,,,,,,,,,,,,,
dbtbharat_central_schemes_new_national_biogas_and_organic_manure_programme_nnbomp,New National Biogas and Organic Manure Programme (NNBOMP),Ministry of New and Renewable Energy,central,central,welfare,"Aadhaar Card, Identity Proof, Residence Proof",https://biogas.mnre.gov.in/consumer-interest-form,This program is managed by Ministry of New and Renewable Energy. Please visit the official portal for the latest details.,,,,ALL,,https://dbtbharat.gov.in/central-scheme/list,scheme,,,,,,,,,,,,,,,,
dbtbharat_central_schemes_pradhan_mantri_virasat_ka_samvardhan,Pradhan Mantri Virasat Ka Samvardhan,Ministry of Minority Affairs,central,central,education,"Aadhaar Card, Identity Proof, Residence Proof",https://pmvikas.minorityaffairs.gov.in/,"PM VIKAS by Ministry of Minority Affairs supports minority artisans via skill training, entrepreneurship, education & heritage preservation.",,,,ALL,,https://dbtbharat.gov.in/central-scheme/list,scheme,,,,,,,,,,,,,,,,
dbtbharat_central_schemes_prime_minister_s_scholarship_scheme_for_railway_protection_f,Prime Minister's Scholarship Scheme for Railway Protection Force (RPF),Ministry of Railways,central,central,education,"Aadhaar Card, Marksheet, School ID, Income Certificate",https://scholarships.gov.in/,"NPCI has launched Bharat Aadhaar Seeding Enabler (BASE) platform to facilitate Aadhaar Seeding and De-seeding
                          activities in self-service mode for Direct Benefit Transfer(DBT)
                          by enabling the citizens to carry out certain activities in digital mode. For more detailsclick here",,,,ALL,,https://dbtbharat.gov.in/central-scheme/list,scheme,,,,,,,,,,,,,,,,
stand_up_india,Stand-Up India Scheme,Ministry of Finance,central,central,business,"Aadhaar, PAN, Project Report, SC/ST Certificate",https://www.standupmitra.in/,Bank loans between ₹10 lakh and ₹1 Crore for SC/ST and women entrepreneurs for greenfield enterprises.,18.0,65.0,,ALL,Must be Women or SC/ST entrepreneur.,https://www.standupmitra.in/,loan,,,,,,,,,,,,,,,,
dbtbharat_central_schemes_pradhan_mantri_credit_scheme_for_powerloom_weavers,Pradhan Mantri Credit Scheme for Powerloom Weavers,Ministry of Textiles,central,central,finance,"Aadhaar Card, Identity Proof, Residence Proof",https://ipowertexindia.gov.in/iPowerTex/Login/SchemeRegister,"Note : User has to register only one time under the scheme for which they would apply under iPowerTex Software. After successful registration, user can apply for any schemes using their login credentials.",,,,ALL,,https://dbtbharat.gov.in/central-scheme/list,loan,,,,,,,,,,,,,,,,
dbtbharat_central_schemes_pradhan_mantri_vidyalaxmi_pm_vidyalaxmi_scheme,PRADHAN MANTRI VIDYALAXMI (PM-Vidyalaxmi) SCHEME,Department of Higher Education,central,central,education,"Aadhaar Card, Identity Proof, Residence Proof",https://pmvidyalaxmi.co.in,This program is managed by Department of Higher Education. Please visit the official portal for the latest details.,,,,ALL,,https://dbtbharat.gov.in/central-scheme/list,scheme,,,,,,,,,,,,,,,,
dbtbharat_central_schemes_pradhan_mantri_poshan_shakti_nirman_pm_poshan,Pradhan Mantri Poshan Shakti Nirman (PM-POSHAN),Department of School Education and Literacy,central,central,welfare,"Aadhaar Card, Identity Proof, Residence Proof",https://pmposhan.education.gov.in,Pradhan Mantri Poshan Shakti Nirman (PM POSHAN) in India,,,,ALL,,https://dbtbharat.gov.in/central-scheme/list,scheme,,,,,,,,,,,,,,,,
dbtbharat_central_schemes_cs_iari_scholarship,CS- IARI Scholarship,Department of Agricultural Research and Education,central,central,education,"Aadhaar Card, Marksheet, School ID, Income Certificate",https://www.iari.res.in/index.php?option=com_content&view=article&id=113&Itemid=1208,Type a query and press Search. Results are limited to iari.res.in.,,,,ALL,,https://dbtbharat.gov.in/central-scheme/list,scheme,,,,,,,,,,,,,,,,
dbtbharat_central_schemes_liquid_propulsion_systems_centre_scholarships_and_stipends,Liquid Propulsion Systems Centre - Scholarships and Stipends,Department of Space,central,central,education,"Aadhaar Card, Marksheet, School ID, Income Certificate",https://portal.mhrdnats.gov.in/,This program is managed by Department of Space. Please visit the official portal for the latest details.,,,,ALL,,https://dbtbharat.gov.in/central-scheme/list,scheme,,,,,,,,,,,,,,,,
dbtbharat_central_schemes_national_mission_on_natural_farming,National Mission on Natural Farming,Department of Agriculture and Farmers Welfare,central,central,welfare,"Aadhaar Card, Identity Proof, Residence Proof",https://naturalfarming.dac.gov.in,राष्ट्रीय जैविक खेती केंद्र,,,,ALL,,https://dbtbharat.gov.in/central-scheme/list,scheme,,,,,,,,,,,,,,,,
dbtbharat_central_schemes_alliance_and_r_and_d_mission_inspire_scholarship,Alliance and R and D Mission - INSPIRE Scholarship,Department of Science and Technology,central,central,education,"Aadhaar Card, Marksheet, School ID, Income Certificate",https://online-inspire.gov.in/,This program is managed by Department of Science and Technology. Please visit the official portal for the latest details.,,,,ALL,,https://dbtbharat.gov.in/central-scheme/list,scheme,,,,,,,,,,,,,,,,
ayushman_bharat_v2,Ayushman Bharat PM-JAY (Government Top-Tier Cover),Ministry of Health and Family Welfare,central,central,health,"Aadhaar, Ration Card, PMJAY Card",https://beneficiary.nha.gov.in/,India's largest health assurance scheme covering up to ₹5 lakh per family per year for most severe medical conditions entirely free.,0.0,,500000.0,ALL,Listed in SEC-2011/BPL category.,https://nha.gov.in/PM-JAY,insurance,,,,,,,,,,,,,,,,
dbtbharat_central_schemes_national_overseas_scholarship_scheme,National Overseas Scholarship Scheme,Ministry of Tribal Affairs,central,central,education,"Aadhaar Card, Marksheet, School ID, Income Certificate",https://overseas.tribal.gov.in/,This program is managed by Ministry of Tribal Affairs. Please visit the official portal for the latest details.,,,,ALL,,https://dbtbharat.gov.in/central-scheme/list,scheme,,,,,,,,,,,,,,,,
dbtbharat_central_schemes_national_welfare_fund_for_sportspersons,National welfare fund for sportspersons,Department of Sports,central,central,welfare,"Aadhaar Card, Identity Proof, Residence Proof",https://dbtyas-sports.gov.in/Registration,"Copyright © 2024 Ministry Of Youth Affairs And Sports, Govt. of India",,,,ALL,,https://dbtbharat.gov.in/central-scheme/list,scheme,,,,,,,,,,,,,,,,
dbtbharat_central_schemes_p_g_scholarship_for_gate_gpat_qualified_students_for_pursuin,P.G. Scholarship for GATE/GPAT qualified students for pursuing M.Tech/ M.E./M.Pharma- UGC,Department of Higher Education,central,central,education,"Aadhaar Card, Marksheet, School ID, Income Certificate",https://scholarship.canarabank.in/,This program is managed by Department of Higher Education. Please visit the official portal for the latest details.,,,,ALL,,https://dbtbharat.gov.in/central-scheme/list,scheme,,,,,,,,,,,,,,,,
dbtbharat_central_schemes_lakshmibai_national_institute_of_physical_education,Lakshmibai National Institute of Physical Education,Department of Sports,central,central,education,"Aadhaar Card, Identity Proof, Residence Proof",https://dbtyas-sports.gov.in/Registration,"Copyright © 2024 Ministry Of Youth Affairs And Sports, Govt. of India",,,,ALL,,https://dbtbharat.gov.in/central-scheme/list,scheme,,,,,,,,,,,,,,,,
dbtbharat_central_schemes_alliance_and_r_and_d_mission_inspire_internship,Alliance and R and D Mission - INSPIRE Internship,Department of Science and Technology,central,central,education,"Aadhaar Card, Identity Proof, Residence Proof",https://online-inspire.gov.in/,This program is managed by Department of Science and Technology. Please visit the official portal for the latest details.,,,,ALL,,https://dbtbharat.gov.in/central-scheme/list,scheme,,,,,,,,,,,,,,,,
dbtbharat_central_schemes_pre_matric_scholarship_scheme_for_scheduled_castes_and_other,Pre-Matric Scholarship Scheme for Scheduled Castes and Others,Department of Social Justice and Empowerment,central,central,education,"Aadhaar Card, Marksheet, School ID, Income Certificate",http://socialjustice.nic.in/SchemeList/Send/23?mid=24541#:~:text=Pre%2DMatric%20Scholarship%20to%20t,This program is managed by Department of Social Justice and Empowerment. Please visit the official portal for the latest details.,,,,ALL,,https://dbtbharat.gov.in/central-scheme/list,scheme,,,,,,,,,,,,,,,,
dbtbharat_central_schemes_pragati_scholarship_for_girls_diploma_institutes,Pragati Scholarship for girls Diploma Institutes,Department of Higher Education,central,central,education,"Aadhaar Card, Marksheet, School ID, Income Certificate",https://scholarships.gov.in/fresh/newstdRegfrmInstruction,This program is managed by Department of Higher Education. Please visit the official portal for the latest details.,,,,ALL,,https://dbtbharat.gov.in/central-scheme/list,scheme,,,,,,,,,,,,,,,,
dbtbharat_central_schemes_pm_kisan,PM KISAN,Department of Agriculture and Farmers Welfare,central,central,agriculture,"Aadhaar Card, Identity Proof, Residence Proof",https://www.india.gov.in/search/site/PM+KISAN,"The Hon’ble Prime Minister will release the 22nd installment of the PM-KISAN on 13th March 2026 from Guwahati, Assam.",,,,ALL,,https://dbtbharat.gov.in/central-scheme/list,scheme,,,,,,,,,,,,,,,,
dbtbharat_central_schemes_employees_pension_scheme_for_epf_pensioners,Employees Pension Scheme for EPF Pensioners,Ministry of Labour and Employment,central,central,insurance,"Aadhaar Card, Identity Proof, Residence Proof",https://unifiedportal-mem.epfindia.gov.in/memberinterface/,This program is managed by Ministry of Labour and Employment. Please visit the official portal for the latest details.,,,,ALL,,https://dbtbharat.gov.in/central-scheme/list,insurance,,,,,,,,,,,,,,,,
dbtbharat_central_schemes_saksham_scholarship_for_differently_abled_students_of_diplom,Saksham scholarship for differently abled students of Diploma Institutes,Department of Higher Education,central,central,education,"Aadhaar Card, Marksheet, School ID, Income Certificate",https://scholarships.gov.in/fresh/newstdRegfrmInstruction,This program is managed by Department of Higher Education. Please visit the official portal for the latest details.,,,,ALL,,https://dbtbharat.gov.in/central-scheme/list,scheme,,,,,,,,,,,,,,,,
dbtbharat_central_schemes_swachh_bharat_mission_gramin,Swachh Bharat Mission Gramin,Department of Drinking Water and Sanitation,central,central,finance,"Aadhaar Card, Identity Proof, Residence Proof",https://swachhbharatmission.gov.in/,जल शक्ति मंत्रालय  /पेयजल और स्‍वच्‍छता विभागMinistry of Jal Shakti /Department of Drinking Water & Sanitation,,,,ALL,,https://dbtbharat.gov.in/central-scheme/list,loan,,,,,,,,,,,,,,,,
dbtbharat_central_schemes_pragati_scholarship_for_girls_in_degree_colleges,Pragati Scholarship for girls in Degree Colleges,Department of Higher Education,central,central,education,"Aadhaar Card, Marksheet, School ID, Income Certificate",https://scholarships.gov.in/fresh/newstdRegfrmInstruction,This program is managed by Department of Higher Education. Please visit the official portal for the latest details.,,,,ALL,,https://dbtbharat.gov.in/central-scheme/list,scheme,,,,,,,,,,,,,,,,
dbtbharat_central_schemes_isro_propulsion_complex_scholarships_and_stipends,ISRO Propulsion Complex - Scholarships and Stipends,Department of Space,central,central,education,"Aadhaar Card, Marksheet, School ID, Income Certificate",https://portal.mhrdnats.gov.in/,This program is managed by Department of Space. Please visit the official portal for the latest details.,,,,ALL,,https://dbtbharat.gov.in/central-scheme/list,scheme,,,,,,,,,,,,,,,,
dbtbharat_central_schemes_pre_matric_scholarship_for_minorities,Pre- Matric Scholarship for Minorities,Ministry of Minority Affairs,central,central,education,"Aadhaar Card, Marksheet, School ID, Income Certificate",https://scholarships.gov.in/fresh/newstdRegfrmInstruction,This program is managed by Ministry of Minority Affairs. Please visit the official portal for the latest details.,,,,ALL,,https://dbtbharat.gov.in/central-scheme/list,scheme,,,,,,,,,,,,,,,,
dbtbharat_central_schemes_as_ndri_institute_scholarship_for_m_sc_and_ph_d,AS_NDRI_Institute Scholarship for M.Sc. and Ph.D.,Department of Agricultural Research and Education,central,central,education,"Aadhaar Card, Marksheet, School ID, Income Certificate",https://ndri.res.in/education/scholarships-fellowships,This program is managed by Department of Agricultural Research and Education. Please visit the official portal for the latest details.,,,,ALL,,https://dbtbharat.gov.in/central-scheme/list,scheme,,,,,,,,,,,,,,,,
dbtbharat_central_schemes_national_apprenticeship_promotion_scheme,National Apprenticeship Promotion Scheme,Ministry of Skill Development and Entrepreneurship,central,central,business,"Aadhaar Card, Identity Proof, Residence Proof",https://apprenticeshipindia.org/candidate-registration,This program is managed by Ministry of Skill Development and Entrepreneurship. Please visit the official portal for the latest details.,,,,ALL,,https://dbtbharat.gov.in/central-scheme/list,scheme,,,,,,,,,,,,,,,,
dbtbharat_central_schemes_scholarship_for_pm_care_children,Scholarship for PM care Children,Department of Social Justice and Empowerment,central,central,finance,"Aadhaar Card, Marksheet, School ID, Income Certificate",https://pmcaresforchildren.in/,The PM CARES for Children Scheme was launched by The Hon'ble Prime Minister of India on 29th May 2021 for the Children. It aims to support children who have lost both the Parents or legal Guardian or Adoptive Parents or Surviving Parent to COVID-19 pandemic during the period starting from 11th March 2020.,,,,ALL,,https://dbtbharat.gov.in/central-scheme/list,loan,,,,,,,,,,,,,,,,
dbtbharat_central_schemes_indian_institute_of_remote_sensing_scholarships_and_stipends,Indian Institute of Remote Sensing - Scholarships and Stipends,Department of Space,central,central,education,"Aadhaar Card, Marksheet, School ID, Income Certificate",https://scholarships.gov.in/,"NPCI has launched Bharat Aadhaar Seeding Enabler (BASE) platform to facilitate Aadhaar Seeding and De-seeding
                          activities in self-service mode for Direct Benefit Transfer(DBT)
                          by enabling the citizens to carry out certain activities in digital mode. For more detailsclick here",,,,ALL,,https://dbtbharat.gov.in/central-scheme/list,scheme,,,,,,,,,,,,,,,,
dbtbharat_central_schemes_pradhan_mantri_kaushal_vikas_yojana,Pradhan Mantri Kaushal Vikas Yojana,Ministry of Skill Development and Entrepreneurship,central,central,employment,"Aadhaar Card, Identity Proof, Residence Proof",https://www.skillindia.gov.in/,Skill India Digital (An initiative by MSDE) A unified Admin portal for all partners working with Skill India Digital.,,,,ALL,,https://dbtbharat.gov.in/central-scheme/list,scheme,,,,,,,,,,,,,,,,
dbtbharat_central_schemes_national_youth_corps,National Youth Corps,Department of Youth Affairs,central,central,welfare,"Aadhaar Card, Identity Proof, Residence Proof",https://www.dbtyas-youth.gov.in/scheme/Nyc_scheme.php,This program is managed by Department of Youth Affairs. Please visit the official portal for the latest details.,,,,ALL,,https://dbtbharat.gov.in/central-scheme/list,scheme,,,,,,,,,,,,,,,,
dbtbharat_central_schemes_p_g_scholarship_for_professional_courses_for_sc_st_candidate,P. G. Scholarship for Professional Courses for SC/ST candidates,Department of Higher Education,central,central,education,"Aadhaar Card, Marksheet, School ID, Income Certificate",https://scholarships.gov.in/fresh/newstdRegfrmInstruction,This program is managed by Department of Higher Education. Please visit the official portal for the latest details.,,,,ALL,,https://dbtbharat.gov.in/central-scheme/list,scheme,,,,,,,,,,,,,,,,
dbtbharat_central_schemes_national_database_for_unorganised_workers,National Database for Unorganised Workers,Ministry of Labour and Employment,central,central,employment,"Aadhaar Card, Identity Proof, Residence Proof",https://eShram.gov.in,The Ministry of Labour & Employment is one of the oldest and important Ministries of the Government of India.,,,,ALL,,https://dbtbharat.gov.in/central-scheme/list,scheme,,,,,,,,,,,,,,,,
dbtbharat_central_schemes_sub_mission_on_agriculture_mechanization_central_sector,Sub Mission on Agriculture Mechanization-Central Sector,Department of Agriculture and Farmers Welfare,central,central,agriculture,"Aadhaar Card, Identity Proof, Residence Proof",https://agrimachinery.nic.in/Farmer/Management/Index,DIRECT BENEFIT TRANSFER (DBT),,,,ALL,,https://dbtbharat.gov.in/central-scheme/list,scheme,,,,,,,,,,,,,,,,
dbtbharat_central_schemes_national_handicrafts_development_programme,National Handicrafts Development Programme,Ministry of Textiles,central,central,welfare,"Aadhaar Card, Identity Proof, Residence Proof",https://dbtbharat.gov.in/central-scheme/list,This program is managed by Ministry of Textiles. Please visit the official portal for the latest details.,,,,ALL,,https://dbtbharat.gov.in/central-scheme/list,scheme,,,,,,,,,,,,,,,,
dbtbharat_central_schemes_agedn_post_matric_scholarship,AgEdn - Post Matric Scholarship,Department of Agricultural Research and Education,central,central,education,"Aadhaar Card, Marksheet, School ID, Income Certificate",https://education.icar.gov.in/Event_details.aspx?component=NTS&DegProg=PMS&SchemeCode=PMS,This program is managed by Department of Agricultural Research and Education. Please visit the official portal for the latest details.,,,,ALL,,https://dbtbharat.gov.in/central-scheme/list,scheme,,,,,,,,,,,,,,,,
dbtbharat_central_schemes_award_of_scholarships_to_young_artists_in_different_cultural,Award of Scholarships to Young Artists in different cultural fields,Ministry of Culture,central,central,education,"Aadhaar Card, Marksheet, School ID, Income Certificate",http://csms.nic.in/registration/registration_individual.php,This program is managed by Ministry of Culture. Please visit the official portal for the latest details.,,,,ALL,,https://dbtbharat.gov.in/central-scheme/list,scheme,,,,,,,,,,,,,,,,
dbtbharat_central_schemes_pradhan_mantri_uchchatar_shiksha_protsahan_pm_usp_central_se,Pradhan Mantri Uchchatar Shiksha Protsahan (PM -USP) Central Sector Interest Subsidy Scheme,Department of Higher Education,central,central,education,"Aadhaar Card, Identity Proof, Residence Proof",https://www.vidyalakshmi.co.in/Students/signup,This program is managed by Department of Higher Education. Please visit the official portal for the latest details.,,,,ALL,,https://dbtbharat.gov.in/central-scheme/list,scheme,,,,,,,,,,,,,,,,
dbtbharat_central_schemes_coal_mines_pension_scheme_1998,Coal Mines Pension Scheme-1998,Ministry of Coal,central,central,insurance,"Aadhaar Card, Identity Proof, Residence Proof",https://cmpfo.gov.in/cmps_act1.html,"G.S.R. 123 (E)-In exercise of the powers conferred by section 3E of the Coal Mines Provident Fund and Miscellaneous Provisions Act, 1948 (46 of 1948) and in super session of the Coal Mines Family Pension Scheme, 1971, except as respects things done or omitted to be done before such super session, the Central Government hereby makes the following scheme, namely :-",,,,ALL,,https://dbtbharat.gov.in/central-scheme/list,insurance,,,,,,,,,,,,,,,,
dbtbharat_central_schemes_merit_cum_means_based_scholarship_for_professional_and_techn,Merit-cum- Means based Scholarship for professional and Technical course for minorities,Ministry of Minority Affairs,central,central,education,"Aadhaar Card, Marksheet, School ID, Income Certificate",https://scholarships.gov.in/fresh/newstdRegfrmInstruction,This program is managed by Ministry of Minority Affairs. Please visit the official portal for the latest details.,,,,ALL,,https://dbtbharat.gov.in/central-scheme/list,scheme,,,,,,,,,,,,,,,,
dbtbharat_central_schemes_national_ayush_mission_medicines_under_ayush_services,National AYUSH Mission - Medicines under AYUSH Services,Ministry of AYUSH,central,central,health,"Aadhaar Card, Identity Proof, Residence Proof",https://namayush.gov.in/,This program is managed by Ministry of AYUSH. Please visit the official portal for the latest details.,,,,ALL,,https://dbtbharat.gov.in/central-scheme/list,scheme,,,,,,,,,,,,,,,,
dbtbharat_central_schemes_aicte_swanath_scholarship_scheme_degree,AICTE - Swanath Scholarship Scheme - Degree,Department of Higher Education,central,central,education,"Aadhaar Card, Marksheet, School ID, Income Certificate",https://scholarships.gov.in/,"NPCI has launched Bharat Aadhaar Seeding Enabler (BASE) platform to facilitate Aadhaar Seeding and De-seeding
                          activities in self-service mode for Direct Benefit Transfer(DBT)
                          by enabling the citizens to carry out certain activities in digital mode. For more detailsclick here",,,,ALL,,https://dbtbharat.gov.in/central-scheme/list,scheme,,,,,,,,,,,,,,,,
dbtbharat_central_schemes_indian_space_research_organization_headquarters_scholarships,Indian Space Research Organization Headquarters - Scholarships and Stipends,Department of Space,central,central,education,"Aadhaar Card, Marksheet, School ID, Income Certificate",https://portal.mhrdnats.gov.in/,This program is managed by Department of Space. Please visit the official portal for the latest details.,,,,ALL,,https://dbtbharat.gov.in/central-scheme/list,scheme,,,,,,,,,,,,,,,,
dbtbharat_central_schemes_scholarship_for_top_class_education_for_students_with_disabi,Scholarship for Top Class Education for students with disabilities,Department of Empowerment of Persons with Disabilities,central,central,education,"Aadhaar Card, Marksheet, School ID, Income Certificate",https://scholarships.gov.in/,"NPCI has launched Bharat Aadhaar Seeding Enabler (BASE) platform to facilitate Aadhaar Seeding and De-seeding
                          activities in self-service mode for Direct Benefit Transfer(DBT)
                          by enabling the citizens to carry out certain activities in digital mode. For more detailsclick here",,,,ALL,,https://dbtbharat.gov.in/central-scheme/list,scheme,,,,,,,,,,,,,,,,
dbtbharat_central_schemes_national_handloom_development_programme,National Handloom Development Programme,Ministry of Textiles,central,central,welfare,"Aadhaar Card, Identity Proof, Residence Proof",https://dbtbharat.gov.in/central-scheme/list,This program is managed by Ministry of Textiles. Please visit the official portal for the latest details.,,,,ALL,,https://dbtbharat.gov.in/central-scheme/list,scheme,,,,,,,,,,,,,,,,
dbtbharat_central_schemes_pension_to_meritorious_sportspersons,Pension to meritorious sportspersons,Department of Sports,central,central,insurance,"Aadhaar Card, Identity Proof, Residence Proof",https://dbtyas-sports.gov.in/Registration,"Copyright © 2024 Ministry Of Youth Affairs And Sports, Govt. of India",,,,ALL,,https://dbtbharat.gov.in/central-scheme/list,insurance,,,,,,,,,,,,,,,,
dbtbharat_central_schemes_pradhan_mantri_kisan_urja_suraksha_evam_utthaan_mahabhiyan_s,Pradhan Mantri Kisan Urja Suraksha evam Utthaan Mahabhiyan Scheme,Ministry of New and Renewable Energy,central,central,insurance,"Aadhaar Card, Identity Proof, Residence Proof",https://pmkusum.mnre.gov.in/,This program is managed by Ministry of New and Renewable Energy. Please visit the official portal for the latest details.,,,,ALL,,https://dbtbharat.gov.in/central-scheme/list,insurance,,,,,,,,,,,,,,,,
dbtbharat_central_schemes_scholarship_to_niper_students,Scholarship to NIPER Students,Department of Pharmaceuticals,central,central,education,"Aadhaar Card, Marksheet, School ID, Income Certificate",http://www.nipermis.pharmaceuticals.gov.in,This program is managed by Department of Pharmaceuticals. Please visit the official portal for the latest details.,,,,ALL,,https://dbtbharat.gov.in/central-scheme/list,scheme,,,,,,,,,,,,,,,,
dbtbharat_central_schemes_p_g_scholarship_for_gate_gpat_qualified_students_for_pursuin,P.G. Scholarship For GATE/GPAT Qualified Students For Pursuing M.Tech/ M.E./M.Pharma - AICTE,Department of Higher Education,central,central,education,"Aadhaar Card, Marksheet, School ID, Income Certificate",https://www.aicte-india.org/schemes/students-development-schemes/PG-Scholarship-Scheme,The beginning of formal technical education in India can be dated back to the mid-19th century,,,,ALL,,https://dbtbharat.gov.in/central-scheme/list,scheme,,,,,,,,,,,,,,,,
dbtbharat_central_schemes_national_scheme_of_incentive_to_girls_for_secondary_educatio,National Scheme of Incentive to Girls for Secondary Education,Department of School Education and Literacy,central,central,education,"Aadhaar Card, Identity Proof, Residence Proof",https://scholarships.gov.in/fresh/newstdRegfrmInstruction,This program is managed by Department of School Education and Literacy. Please visit the official portal for the latest details.,,,,ALL,,https://dbtbharat.gov.in/central-scheme/list,scheme,,,,,,,,,,,,,,,,
dbtbharat_central_schemes_census_of_india_2021_and_updation_of_national_population_reg,Census of India 2021 and Updation of National Population Register,Department of Home,central,central,housing,"Aadhaar Card, Identity Proof, Residence Proof",https://censusindia.gov.in/,This program is managed by Department of Home. Please visit the official portal for the latest details.,,,,ALL,,https://dbtbharat.gov.in/central-scheme/list,scheme,,,,,,,,,,,,,,,,
dbtbharat_central_schemes_indira_gandhi_national_old_age_pension_scheme_ignoaps,Indira Gandhi National Old Age Pension Scheme- IGNOAPS,Department of Rural Development,central,central,insurance,"Aadhaar Card, Identity Proof, Residence Proof",https://nsap.nic.in/,This program is managed by Department of Rural Development. Please visit the official portal for the latest details.,,,,ALL,,https://dbtbharat.gov.in/central-scheme/list,insurance,,,,,,,,,,,,,,,,
dbtbharat_central_schemes_national_mission_on_edible_oil_oilpalm,National Mission on Edible Oil-Oilpalm,Department of Agriculture and Farmers Welfare,central,central,agriculture,"Aadhaar Card, Identity Proof, Residence Proof",https://nmeo.dac.gov.in,The Ministry of Agriculture & Farmers Welfare etc,,,,ALL,,https://dbtbharat.gov.in/central-scheme/list,scheme,,,,,,,,,,,,,,,,
dbtbharat_central_schemes_pradhan_mantri_matru_vandana_yojana,Pradhan Mantri Matru Vandana Yojana,Ministry of Women and Child Development,central,central,women,"Aadhaar Card, Identity Proof, Residence Proof",https://pmmvy-cas.nic.in/,This program is managed by Ministry of Women and Child Development. Please visit the official portal for the latest details.,,,,ALL,,https://dbtbharat.gov.in/central-scheme/list,scheme,,,,,,,,,,,,,,,,
dbtbharat_central_schemes_pradhan_mantri_ujjwala_yojana,Pradhan Mantri Ujjwala Yojana,Ministry of Petroleum and Natural Gas,central,central,welfare,"Aadhaar Card, Identity Proof, Residence Proof",https://pmuy.gov.in/,Total Connections Released underPradhan Mantri Ujjwala Yojana*as on23 Feb 2026,,,,ALL,,https://dbtbharat.gov.in/central-scheme/list,scheme,,,,,,,,,,,,,,,,
dbtbharat_central_schemes_sub_mission_on_seeds_and_planting_material,Sub-Mission on Seeds and Planting Material,Department of Agriculture and Farmers Welfare,central,central,welfare,"Aadhaar Card, Identity Proof, Residence Proof",https://seednet.gov.in/,For Any Query and Suggestions Please Write to Helpdesksupport-seednet@gov.in,,,,ALL,,https://dbtbharat.gov.in/central-scheme/list,scheme,,,,,,,,,,,,,,,,
